{"train/loss_giou_3_one2many":0.8558980226516724,"train/loss_bbox":0.06773168593645096,"train/loss_ce_3_one2many":0.8792457580566406,"train/loss_bbox_4_one2many":0.1866837739944458,"train/loss_bbox_1_one2many":0.18182508647441864,"train/loss_giou_one2many":0.8600145578384399,"train/loss_ce_one2many":0.892120361328125,"train/loss_giou_2":0.4042209982872009,"train/loss_giou_enc":0.4666064977645874,"train/loss_bbox_2_one2many":0.18735843896865845,"_runtime":325.667622312,"train/loss_giou_0":0.3237754702568054,"train/loss_bbox_2":0.0638151615858078,"train/loss_giou_1":0.4898723363876343,"train/loss_ce_0":1.002500057220459,"train/loss_bbox_3":0.06801514327526093,"train/loss_ce_2":1.0418552160263062,"train/grad_norm":170.87286376953125,"train/loss_bbox_0_one2many":0.20297306776046753,"train/loss_ce_4":1.027343511581421,"train/loss_ce":1.0017669200897217,"train/loss_giou_2_one2many":0.8938762545585632,"train/loss_bbox_1":0.07653883844614029,"train/loss_bbox_enc":0.08588466793298721,"train/loss_ce_1":1.153915524482727,"train/loss_giou_3":0.4688515067100525,"train/loss_ce_enc":1.0598399639129639,"train/loss_giou_1_one2many":0.8829536437988281,"train/lr":0.0002,"train/loss_bbox_0":0.04056995362043381,"train/loss_bbox_4":0.06789925694465637,"train/loss_giou_0_one2many":1.0464333295822144,"_wandb":{"runtime":325},"train/loss_ce_3":1.0244064331054688,"train/loss_ce_1_one2many":0.9065220355987549,"train/loss":22.704301834106445,"train/loss_ce_0_one2many":0.8281444907188416,"train/loss_ce_2_one2many":0.903584361076355,"train/loss_bbox_3_one2many":0.18655113875865936,"train/loss_bbox_one2many":0.186821848154068,"train/loss_giou":0.464313805103302,"_step":91302,"train/loss_giou_4":0.4674648642539978,"_timestamp":1.7763635929587133e+09,"train/loss_ce_4_one2many":0.8983510732650757,"train/loss_giou_4_one2many":0.8577553629875183}