{"train/loss_ce_0":0.6632510423660278,"train/loss_ce_4_one2many":0.5292563438415527,"train/loss_bbox":0.2596481144428253,"train/loss_bbox_one2many":0.2887348532676697,"train/loss_bbox_enc":0.2685163915157318,"_step":3160,"train/loss_giou_2":0.6176161170005798,"train/loss_giou_1":0.6067354679107666,"train/loss_ce_0_one2many":0.6013339757919312,"train/loss_ce_one2many":0.5302311778068542,"train/loss_bbox_1":0.2357700765132904,"train/loss_giou_3_one2many":0.6937482357025146,"train/loss_bbox_4":0.25981950759887695,"train/loss_giou_enc":0.5750739574432373,"_timestamp":1.7762949327597792e+09,"train/loss_ce_1":0.6742015480995178,"train/loss_bbox_3":0.26027247309684753,"train/loss_giou_3":0.6455575823783875,"train/loss_bbox_4_one2many":0.2904897928237915,"train/loss_giou_4":0.6441841721534729,"train/loss_ce_4":0.6690176725387573,"train/loss_ce_3_one2many":0.5330245494842529,"_wandb":{"runtime":523},"train/loss_ce_2":0.6625778675079346,"train/loss_giou_0":0.5576338768005371,"train/loss_bbox_0_one2many":0.31618818640708923,"train/loss_ce_enc":0.5727468729019165,"train/lr":0.0002,"train/loss_bbox_0":0.2363157570362091,"train/loss":19.878089904785156,"train/grad_norm":60.447174072265625,"train/loss_bbox_1_one2many":0.2862117886543274,"train/loss_bbox_2":0.2488664984703064,"train/loss_bbox_2_one2many":0.2832764983177185,"train/loss_ce_3":0.6540277004241943,"train/loss_giou_2_one2many":0.6942840814590454,"train/loss_ce_1_one2many":0.5332054495811462,"train/loss_ce_2_one2many":0.5515557527542114,"train/loss_giou_one2many":0.6953887939453125,"train/loss_giou_4_one2many":0.6977230906486511,"train/loss_giou":0.6436924338340759,"_runtime":523.651930028,"train/loss_ce":0.6716996431350708,"train/loss_giou_1_one2many":0.7013935446739197,"train/loss_bbox_3_one2many":0.28122711181640625,"train/loss_giou_0_one2many":0.7435920834541321}