{"train/loss_ce_3_one2many":0.260928750038147,"train/loss":10.068120956420898,"train/loss_giou_0_one2many":0.5382580161094666,"train/loss_giou_1":0.39594781398773193,"train/loss_bbox_4_one2many":0.08188527822494507,"train/loss_giou_enc":0.4302196204662323,"train/loss_ce_enc":0.3067739009857178,"train/loss_bbox_1":0.08133669197559357,"train/loss_giou_3":0.39359837770462036,"train/loss_giou_one2many":0.4301721155643463,"train/loss_bbox_enc":0.09140166640281677,"train/loss_ce_one2many":0.26363492012023926,"_timestamp":1.77642738083528e+09,"train/loss_bbox_0":0.08130539953708649,"train/loss_giou_0":0.3843958079814911,"_wandb":{"runtime":27},"_runtime":27.251056909,"train/loss_ce_2":0.23460710048675537,"train/loss_giou":0.4019336402416229,"train/loss_ce_3":0.22532276809215546,"train/loss_giou_4_one2many":0.42931950092315674,"_step":52489,"train/loss_ce_0":0.3134872317314148,"train/loss_bbox_3_one2many":0.08205556869506836,"train/loss_ce":0.21877804398536682,"train/loss_ce_4":0.22597000002861023,"train/loss_giou_2_one2many":0.42853400111198425,"train/loss_bbox_0_one2many":0.10681138932704926,"train/loss_giou_3_one2many":0.4291083514690399,"train/loss_bbox_one2many":0.081891730427742,"train/loss_ce_1":0.25341203808784485,"train/loss_bbox_2":0.08265786617994308,"train/loss_ce_0_one2many":0.3266192674636841,"train/loss_bbox_2_one2many":0.08332905173301697,"train/loss_bbox":0.08282341063022614,"train/loss_giou_4":0.39517250657081604,"train/loss_ce_2_one2many":0.278379887342453,"train/loss_ce_1_one2many":0.29768815636634827,"train/loss_ce_4_one2many":0.2634122967720032,"train/loss_giou_2":0.399872750043869,"train/loss_bbox_1_one2many":0.08332007378339767,"train/loss_bbox_3":0.08383885025978088,"train/loss_bbox_4":0.0838349312543869,"train/loss_giou_1_one2many":0.43608179688453674,"train/grad_norm":29.793968200683594,"train/lr":0.0002}