{"train/loss":11.72866439819336,"train/loss_bbox_enc":0.11764129996299744,"train/loss_giou":0.44399407505989075,"train/loss_giou_0":0.4460347890853882,"train/loss_giou_3":0.44021064043045044,"train/loss_bbox_2":0.09624691307544708,"train/loss_bbox_0":0.10341111570596695,"train/loss_bbox":0.09508595615625381,"train/loss_bbox_1":0.09673243761062622,"train/loss_ce_3":0.2841379642486572,"train/loss_ce":0.2835030257701874,"_runtime":10038.071125712,"_wandb":{"runtime":10038},"train/grad_norm":34.95526885986328,"train/lr":0.0002,"train/loss_bbox_1_one2many":0.09932050108909607,"train/loss_bbox_3":0.09457224607467651,"train/loss_giou_4_one2many":0.4836566746234894,"train/loss_giou_one2many":0.48748570680618286,"train/loss_bbox_3_one2many":0.09602843225002289,"train/loss_ce_4":0.2822163999080658,"train/loss_giou_4":0.442135751247406,"train/loss_ce_2_one2many":0.33614954352378845,"train/loss_giou_2_one2many":0.4915725588798523,"train/loss_ce_one2many":0.33885613083839417,"train/loss_ce_0":0.3560742437839508,"train/loss_bbox_0_one2many":0.11964321881532669,"train/loss_bbox_4_one2many":0.09605158865451813,"_timestamp":1.7764270887161272e+09,"train/loss_ce_1":0.3051924705505371,"train/loss_giou_1_one2many":0.49516919255256653,"train/loss_ce_3_one2many":0.3349299728870392,"train/loss_giou_2":0.4452694356441498,"train/loss_giou_3_one2many":0.48722246289253235,"train/loss_bbox_4":0.09483802318572998,"train/loss_ce_2":0.2831675410270691,"train/loss_giou_0_one2many":0.607681393623352,"train/loss_giou_enc":0.5010842084884644,"train/loss_giou_1":0.4444107413291931,"train/loss_ce_4_one2many":0.3405832350254059,"train/loss_ce_enc":0.3258800506591797,"train/loss_bbox_one2many":0.09695060551166534,"_step":52479,"train/loss_ce_0_one2many":0.3819710612297058,"train/loss_bbox_2_one2many":0.09945712983608246,"train/loss_ce_1_one2many":0.35409536957740784}