{"val/loss_giou_2":0.4449710737747751,"val/loss_giou":0.44019535829307166,"train/loss_bbox_3_one2many":0.16119110584259033,"train/loss_ce_3":0.3643858730792999,"val/loss_giou_1":0.4491092841716329,"train/loss_giou_enc":0.551725447177887,"val/loss_bbox_0":0.1793415381270609,"train/grad_norm":28.163450241088867,"val/class_error":5.675715440397809,"val/loss_ce":0.3594764189165869,"val/loss_ce_2":0.3814101765869529,"train/loss_bbox_4_one2many":0.15931524336338043,"train/loss_giou_1_one2many":0.4554845690727234,"train/loss_ce_2_one2many":0.4196256995201111,"train/loss_giou_0_one2many":0.5323128700256348,"train/loss_ce_4":0.3611237704753876,"train/loss_ce_3_one2many":0.40046626329421997,"train/loss_bbox_enc":0.22542156279087067,"val/loss_ce_3":0.3668683353503039,"val/loss":7.392621738895489,"train/loss_ce_one2many":0.387801855802536,"train/loss_bbox_one2many":0.1591172069311142,"train/loss_giou":0.4354167580604553,"train/loss_ce_4_one2many":0.390625536441803,"train/loss":13.79051399230957,"val/loss_ce_1":0.41895753391988716,"train/loss_ce_1_one2many":0.4519582688808441,"_timestamp":1.776144072655043e+09,"train/loss_bbox_4":0.15870226919651031,"train/loss_ce":0.3556637167930603,"train/loss_bbox_2":0.16614237427711487,"train/loss_giou_3":0.446071594953537,"train/loss_ce_1":0.4278346300125122,"train/loss_bbox_0":0.19086255133152008,"train/loss_ce_enc":0.5770230293273926,"val/loss_bbox":0.16594075245462406,"train/loss_bbox_1_one2many":0.17269255220890045,"_wandb":{"runtime":46368},"val/loss_ce_enc":0.5420224936145126,"val/loss_giou_4":0.43948982589563745,"train/loss_giou_2":0.44379717111587524,"train/loss_bbox":0.1587076336145401,"train/loss_bbox_2_one2many":0.16412052512168884,"train/loss_giou_0":0.4600438177585602,"train/loss_giou_one2many":0.4317410886287689,"val/loss_bbox_enc":0.2007853420107228,"train/loss_ce_2":0.3827228546142578,"val/loss_bbox_4":0.16559327237165658,"train/loss_giou_3_one2many":0.4372115135192871,"val/loss_giou_enc":0.5331055121436999,"train/loss_giou_1":0.4406769275665283,"train/loss_giou_4_one2many":0.4322873055934906,"bbox/AP":0.49802922916074893,"val/loss_bbox_2":0.1682866757178003,"bbox/APs":0.2926457107577936,"bbox/APm":0.5422281238519462,"train/loss_bbox_3":0.1635308563709259,"bbox/AP50":0.6994405921213662,"train/loss_ce_0":0.5371122360229492,"train/loss_giou_4":0.435260146856308,"train/loss_bbox_0_one2many":0.21620257198810577,"val/loss_ce_0":0.5211976415412441,"train/loss_ce_0_one2many":0.5336311459541321,"train/loss_bbox_1":0.16237832605838776,"_runtime":46368.261390605,"bbox/AP75":0.5361749106324087,"train/lr":2e-05,"train/loss_giou_2_one2many":0.4401264786720276,"val/loss_bbox_3":0.1661963786953574,"val/loss_bbox_1":0.17106173078345646,"bbox/APl":0.6878751762386072,"_step":44352,"val/loss_ce_4":0.36180256278651535,"val/loss_giou_3":0.4415548610839115,"val/loss_giou_0":0.47525492139682646}