{"train/lr":0.0002,"train/loss_ce_0_one2many":0.5160547494888306,"train/loss_giou_3_one2many":0.6530845165252686,"train/loss_bbox_4_one2many":0.14290791749954224,"train/loss_giou_2_one2many":0.660810649394989,"train/loss_giou_1_one2many":0.6625064611434937,"train/loss_bbox_4":0.13285084068775177,"train/loss_bbox":0.13286036252975464,"train/loss_ce_2":0.5473602414131165,"train/grad_norm":54.497432708740234,"train/loss_bbox_enc":0.1475186049938202,"train/loss_ce_1_one2many":0.5168532729148865,"train/loss_ce_4":0.5138211250305176,"_timestamp":1.7763655210890326e+09,"train/loss_bbox_2_one2many":0.13943636417388916,"train/loss_ce":0.5095661878585815,"train/loss_bbox_3":0.1319325566291809,"train/loss_giou_4":0.6174516081809998,"train/loss_ce_1":0.5656688213348389,"train/loss_giou_3":0.6193240880966187,"_runtime":791.032157175,"train/loss_ce_3":0.5212759971618652,"train/loss_bbox_1":0.1302063763141632,"train/loss_bbox_2":0.12871286273002625,"train/loss_ce_4_one2many":0.5003359913825989,"train/loss_bbox_0":0.13176313042640686,"train/loss_giou_2":0.6104744672775269,"train/loss_giou_4_one2many":0.6564223766326904,"train/loss":17.118295669555664,"train/loss_ce_enc":0.5526015162467957,"train/loss_ce_2_one2many":0.503770112991333,"train/loss_bbox_3_one2many":0.14169485867023468,"train/loss_giou":0.6173806190490723,"_wandb":{"runtime":791},"train/loss_bbox_1_one2many":0.1395285427570343,"train/loss_giou_enc":0.6820326447486877,"train/loss_giou_0":0.6332575082778931,"train/loss_ce_3_one2many":0.502775251865387,"train/loss_bbox_0_one2many":0.16051940619945526,"train/loss_giou_0_one2many":0.7606403231620789,"train/loss_giou_1":0.6115476489067078,"train/loss_ce_one2many":0.49735039472579956,"train/loss_bbox_one2many":0.14442501962184906,"train/loss_giou_one2many":0.6581525802612305,"train/loss_ce_0":0.6234197616577148,"_step":12206}